name,diet,period,lived_in,type,length,taxonomy,named_by,species,link,lat,long
abelisaurus,carnivorous,Late Cretaceous,Argentina,large theropod,9.0m,Dinosauria Saurischia Theropoda Neotheropoda Ceratosauria Neoceratosauria Abelisauridae Abelisaurinae,Bonaparte and Novas (1985),comahuensis,https://www.nhm.ac.uk/discover/dino-directory/abelisaurus.html,-27.88998284943061,-64.8464172701122
achelousaurus,herbivorous,Late Cretaceous,USA,ceratopsian,6.0m,Dinosauria Ornithischia Genasauria Cerapoda Marginocephalia Ceratopsia Neoceratopsia Coronosauria Ceratopsidae Centrosaurinae,Sampson  (1995),horneri,https://www.nhm.ac.uk/discover/dino-directory/achelousaurus.html,43.7327862135927,-91.29032576261446
achillobator,carnivorous,Late Cretaceous,Mongolia,large theropod,5.0m,Dinosauria Saurischia Theropoda Neotheropoda Tetanurae Avetheropoda Coelurosauria Tyrannoraptora Maniraptoriformes Maniraptora Paraves Eumaniraptora Dromaeosauridae,Perle Norell and Clark (1999),giganteus,https://www.nhm.ac.uk/discover/dino-directory/achillobator.html,49.08649600682492,98.69640572554516
acrocanthosaurus,carnivorous,Early Cretaceous,USA,large theropod,12.0m,Dinosauria Saurischia Theropoda Neotheropoda Tetanurae Avetheropoda Carnosauria Allosauroidea Carcharodontosauridae,Stovall and Langston (1950),atokensis,https://www.nhm.ac.uk/discover/dino-directory/acrocanthosaurus.html,38.52770197894651,-115.51396668160244
agilisaurus,herbivorous,Late Jurassic,China,euornithopod,1.5m,Dinosauria Ornithischia Genasauria Cerapoda Ornithopoda Euornithopoda,Peng (1990),louderbacki,https://www.nhm.ac.uk/discover/dino-directory/agilisaurus.html,33.56397741038529,99.74825986310896
albertaceratops,herbivorous,Late Cretaceous,USA,ceratopsian,7.0m,Dinosauria Ornithischia,Ryan 2007,nesmoi,https://www.nhm.ac.uk/discover/dino-directory/albertaceratops.html,46.08118528234141,-117.63373925142815
albertosaurus,carnivorous,Late Cretaceous,Canada,large theropod,9.0m,Dinosauria Saurischia Theropoda Neotheropoda Tetanurae Avetheropoda Coelurosauria Tyrannoraptora Tyrannosauroidea Tyrannosauridae Albertosaurinae,Lamb (1914),libratus,https://www.nhm.ac.uk/discover/dino-directory/albertosaurus.html,56.45910373485654,-113.1653852658264
alectrosaurus,carnivorous,Late Cretaceous,Mongolia,large theropod,5.0m,Dinosauria Saurischia Theropoda Neotheropoda Tetanurae Avetheropoda Coelurosauria Tyrannoraptora Tyrannosauroidea,Gilmore (1933),olseni,https://www.nhm.ac.uk/discover/dino-directory/alectrosaurus.html,49.08649600682492,98.69640572554516
alioramus,carnivorous,Late Cretaceous,Mongolia,large theropod,6.0m,Dinosauria Saurischia Theropoda Neotheropoda Tetanurae Avetheropoda Coelurosauria Tyrannoraptora Tyrannosauroidea,Kurzanov (1976),remotus,https://www.nhm.ac.uk/discover/dino-directory/alioramus.html,49.08649600682492,98.69640572554516
allosaurus,carnivorous,Late Jurassic,USA,large theropod,12.0m,Dinosauria Saurischia Theropoda Neotheropoda Tetanurae Avetheropoda Carnosauria Allosauroidea Allosauridae,Marsh (1877),fragilis,https://www.nhm.ac.uk/discover/dino-directory/allosaurus.html,43.7327862135927,-91.29032576261446
alvarezsaurus,carnivorous,Late Cretaceous,Argentina,small theropod,2.0m,Dinosauria Saurischia Theropoda Neotheropoda Tetanurae Avetheropoda Coelurosauria Tyrannoraptora Maniraptoriformes Maniraptora Alvarezsauridae,Bonaparte (1991),calvoi,https://www.nhm.ac.uk/discover/dino-directory/alvarezsaurus.html,-27.88998284943061,-64.8464172701122
anchiceratops,herbivorous,Late Cretaceous,Canada,ceratopsian,6.0m,Dinosauria Ornithischia Genasauria Cerapoda Marginocephalia Ceratopsia Neoceratopsia Coronosauria Ceratopsidae Chasmosaurinae,Brown (1914),ornatus,https://www.nhm.ac.uk/discover/dino-directory/anchiceratops.html,57.01048122766619,-96.72366948227602
ankylosaurus,herbivorous,Late Cretaceous,USA,armoured dinosaur,7.0m,Dinosauria Ornithischia Genasauria Thyreophora Ankylosauromorpha Ankylosauria Ankylosauridae,Brown (1908),magniventris,https://www.nhm.ac.uk/discover/dino-directory/ankylosaurus.html,46.08118528234141,-117.63373925142815
anserimimus,carnivorous,Late Cretaceous,Mongolia,large theropod,3.5m,Dinosauria Saurischia Theropoda Neotheropoda Tetanurae Avetheropoda Coelurosauria Tyrannoraptora Maniraptoriformes Ornithomimosauria Ornithomimidae,Barsbold (1988),planinychus,https://www.nhm.ac.uk/discover/dino-directory/anserimimus.html,49.08649600682492,98.69640572554516
aralosaurus,herbivorous,Late Cretaceous,Kazakhstan,euornithopod,8.0m,Dinosauria Ornithischia Genasauria Cerapoda Ornithopoda Euornithopoda Iguanadontia Euiguanadontia Dryomorpha Ankylopollexia Iguanodontoidea Hadrosauridae Euhadrosauria Hadrosaurinae,Rozhdestvensky (1968),tuberiferus,https://www.nhm.ac.uk/discover/dino-directory/aralosaurus.html,50.90482567589214,65.72597090767513
archaeoceratops,herbivorous,Early Cretaceous,China,ceratopsian,1.3m,Dinosauria Ornithischia Genasauria Cerapoda Marginocephalia Ceratopsia Neoceratopsia,Dong and Azuma (1987),oshimai,https://www.nhm.ac.uk/discover/dino-directory/archaeoceratops.html,39.07922300011976,111.43621012808882
archaeopteryx,carnivorous,Late Jurassic,Germany,small theropod,0.5m,Dinosauria Saurischia Theropoda Neotheropoda Tetanurae Avetheropoda Coelurosauria Tyrannoraptora Maniraptoriformes Maniraptora Paraves Eumaniraptoria Avialae Archaeopterygidae,Mayer (1861),lithographica,https://www.nhm.ac.uk/discover/dino-directory/archaeopteryx.html,51.605660718254256,7.434481156019075
arrhinoceratops,herbivorous,Late Cretaceous,Canada,ceratopsian,6.0m,Dinosauria Ornithischia Genasauria Cerapoda Marginocephalia Ceratopsia Neoceratopsia Coronosauria Ceratopsidae Chasmosaurinae,Parks (1925),brachyops,https://www.nhm.ac.uk/discover/dino-directory/arrhinoceratops.html,63.00768024686079,-130.59324600039025
atlascopcosaurus,herbivorous,Early Cretaceous,Australia,euornithopod,3.0m,Dinosauria Ornithischia Genasauria Cerapoda Ornithopoda Euornithopoda,Rich and Rich (1989),loadsi,https://www.nhm.ac.uk/discover/dino-directory/atlascopcosaurus.html,-25.0,134.0
aucasaurus,carnivorous,Late Cretaceous,Argentina,large theropod,5.0m,Dinosauria Saurischia Theropoda Neotheropoda Ceratosauria Neoceratosauria Abelisauroidea Abelisauria,Coria Chiappe and Dingus (2002),garridoi,https://www.nhm.ac.uk/discover/dino-directory/aucasaurus.html,-27.88998284943061,-64.8464172701122
avaceratops,herbivorous,Late Cretaceous,USA,ceratopsian,2.3m,Dinosauria Ornithischia Genasauria Cerapoda Marginocephalia Ceratopsia Neoceratopsia Coronosauria Ceratopsidae Centrosaurinae,Dodson (1986),lammersi,https://www.nhm.ac.uk/discover/dino-directory/avaceratops.html,38.52770197894651,-115.51396668160244
avimimus,omnivorous,Late Cretaceous,Mongolia,small theropod,1.5m,Dinosauria Saurischia Theropoda Neotheropoda Tetanurae Avetheropoda Coelurosauria Tyrannoraptora Maniraptoriformes Maniraptora Oviraptorosauria Avimimidae,Kurzanov (1981),portentosus,https://www.nhm.ac.uk/discover/dino-directory/avimimus.html,49.08649600682492,98.69640572554516
bactrosaurus,herbivorous,Late Cretaceous,China,euornithopod,6.0m,Dinosauria Ornithischia Genasauria Cerapoda Ornithopoda Euornithopoda Iguanadontia Euiguanadontia Dryomorpha Ankylopollexia Iguanodontoidea Hadrosauridae,Gilmore (1933),johnsoni,https://www.nhm.ac.uk/discover/dino-directory/bactrosaurus.html,42.04532706118388,83.91296904405971
bagaceratops,herbivorous,Late Cretaceous,Mongolia,ceratopsian,1.0m,Dinosauria Ornithischia Genasauria Cerapoda Marginocephalia Ceratopsia Neoceratopsia Bagaceratopsidae,Maryanska and Osmolska (1975),rozhdestvenskyi,https://www.nhm.ac.uk/discover/dino-directory/bagaceratops.html,49.08649600682492,98.69640572554516
bambiraptor,carnivorous,Late Cretaceous,USA,small theropod,1.0m,Dinosauria Saurischia Theropoda Neotheropoda Tetanurae Avetheropoda Coelurosauria Tyrannoraptora Maniraptoriformes Maniraptora Paraves Eumaniraptora Dromaeosauridae,Burnham Derstler Currie Bakker Zhou and Ostrom (2000),feinbergorum,https://www.nhm.ac.uk/discover/dino-directory/bambiraptor.html,36.6111957036912,-101.52376612503838
beipiaosaurus,omnivorous,Early Cretaceous,China,small theropod,2.0m,Dinosauria Saurischia Theropoda Neotheropoda Tetanurae Avetheropoda Coelurosauria Tyrannoraptora Maniraptoriformes Maniraptora Therizinosauroidea,Xu Tang and Wang (1999),inexpectus,https://www.nhm.ac.uk/discover/dino-directory/beipiaosaurus.html,33.56397741038529,99.74825986310896
borogovia,carnivorous,Late Cretaceous,Mongolia,small theropod,1.5m,Dinosauria Saurischia Theropoda Neotheropoda Tetanurae Avetheropoda Coelurosauria Tyrannoraptora Maniraptoriformes Maniraptora Paraves Eumaniraptoria Troodontidae,Osmólska (1987),gracilicrus,https://www.nhm.ac.uk/discover/dino-directory/borogovia.html,49.08649600682492,98.69640572554516
brachylophosaurus,herbivorous,Late Cretaceous,USA,euornithopod,7.0m,Dinosauria Ornithischia Genasauria Cerapoda Ornithopoda Euornithopoda Iguanadontia Euiguanadontia Dryomorpha Ankylopollexia Iguanodontoidea Hadrosauridae Euhadrosauria Hadrosaurinae,C. M. Sternberg (1953),canadensis,https://www.nhm.ac.uk/discover/dino-directory/brachylophosaurus.html,38.52770197894651,-115.51396668160244
buitreraptor,carnivorous,Late Cretaceous,Argentina,small theropod,1.3m,Dinosauria Saurischia Theropoda Neotheropoda Tetanurae Avetheropoda Coelurosauria Tyrannoraptora Maniraptoriformes Maniraptora Paraves Eumaniraptora Dromaeosauridae Unenlagiinae,Makovicky Apesteguía &amp; Agnolin (2005),gonzalezorum,https://www.nhm.ac.uk/discover/dino-directory/buitreraptor.html,-27.88998284943061,-64.8464172701122
camptosaurus,herbivorous,Late Jurassic,USA,euornithopod,5.0m,Dinosauria Ornithischia Genasauria Cerapoda Ornithopoda Euornithopoda Iguanadontia Euiguanadontia Dryomorpha Ankylopollexia,Marsh (1885),dispar,https://www.nhm.ac.uk/discover/dino-directory/camptosaurus.html,46.08118528234141,-117.63373925142815
carnotaurus,carnivorous,Late Cretaceous,Argentina,large theropod,7.6m,Dinosauria Saurischia Theropoda Neotheropoda Ceratosauria Neoceratosauria Abelisauridae,Bonaparte (1985),sastrei,https://www.nhm.ac.uk/discover/dino-directory/carnotaurus.html,-27.88998284943061,-64.8464172701122
caudipteryx,omnivorous,Early Cretaceous,China,small theropod,1.0m,Dinosauria Saurischia Theropoda Neotheropoda Tetanurae Avetheropoda Coelurosauria Tyrannoraptora Maniraptoriformes Maniraptora Oviraptorosauria Caudipterygidae,Ji Currie Norell and Ji. (1998),zoui,https://www.nhm.ac.uk/discover/dino-directory/caudipteryx.html,42.04532706118388,83.91296904405971
cedarpelta,herbivorous,Early Cretaceous,USA,armoured dinosaur,10.0m,Dinosauria Ornithischia Genasauria Thyreophora Ankylosauromorpha Ankylosauria Ankylosauridae,Carpenter Kirkland Burge and Bird (2001),bilbeyhallorum,https://www.nhm.ac.uk/discover/dino-directory/cedarpelta.html,43.7327862135927,-91.29032576261446
centrosaurus,herbivorous,Late Cretaceous,Canada,ceratopsian,6.0m,Dinosauria Ornithischia Genasauria Cerapoda Marginocephalia Ceratopsia Neoceratopsia Coronosauria Ceratopsidae Centrosaurinae,apertus,,https://www.nhm.ac.uk/discover/dino-directory/centrosaurus.html,56.45910373485654,-113.1653852658264
ceratosaurus,carnivorous,Late Jurassic,USA,large theropod,6.0m,Dinosauria Saurischia Theropoda Neotheropoda Ceratosauria Neoceratosauria,Marsh (1884),nasicornis,https://www.nhm.ac.uk/discover/dino-directory/ceratosaurus.html,38.52770197894651,-115.51396668160244
chaoyangsaurus,herbivorous,Late Jurassic,China,ceratopsian,1.1m,Dinosauria Ornithischia Genasauria Cerapoda Marginocephalia Ceratopsia Neoceratopsia,Zhao Cheng and Xu (1999),youngi,https://www.nhm.ac.uk/discover/dino-directory/chaoyangsaurus.html,33.56397741038529,99.74825986310896
chasmosaurus,herbivorous,Late Cretaceous,Canada,ceratopsian,5.0m,Dinosauria Ornithischia Genasauria Cerapoda Marginocephalia Ceratopsia Neoceratopsia Coronosauria Ceratopsidae Chasmosaurinae,belli,,https://www.nhm.ac.uk/discover/dino-directory/chasmosaurus.html,57.01048122766619,-96.72366948227602
chindesaurus,carnivorous,Late Triassic,USA,small theropod,4.0m,Dinosauria Saurischia Theropoda Herrerasauridae,Long and Murry (1995),bryansmalli,https://www.nhm.ac.uk/discover/dino-directory/chindesaurus.html,36.6111957036912,-101.52376612503838
chirostenotes,omnivorous,Late Jurassic,Canada,small theropod,1.7m,Dinosauria Saurischia Theropoda Neotheropoda Tetanurae Avetheropoda Coelurosauria Tyrannoraptora Maniraptoriformes Maniraptora Oviraptorosauria Caenagnathoidea Caenagnathidae,Gilmore (1924),pergracilis,https://www.nhm.ac.uk/discover/dino-directory/chirostenotes.html,63.00768024686079,-130.59324600039025
chungkingosaurus,herbivorous,Late Jurassic,China,armoured dinosaur,4.0m,Dinosauria Ornithischia Genasauria Thyreophora Stegosauria Stegosauridae Stegosaurinae,Dong Zhou and Zhang (1983),jiangbeiensis,https://www.nhm.ac.uk/discover/dino-directory/chungkingosaurus.html,42.04532706118388,83.91296904405971
citipati,omnivorous,Late Cretaceous,Mongolia,small theropod,2.1m,Dinosauria Saurischia Theropoda Neotheropoda Tetanurae Avetheropoda Coelurosauria Tyrannoraptora Maniraptoriformes Maniraptora Oviraptorosauria Caenagnathoidea Oviraptoridae Oviraptorinae,Clark Norell and Barsbold (2001),osmolskae,https://www.nhm.ac.uk/discover/dino-directory/citipati.html,49.08649600682492,98.69640572554516
coelurus,carnivorous,Late Jurassic,USA,small theropod,1.8m,Dinosauria Saurischia Theropoda Neotheropoda Tetanurae Avetheropoda Coelurosauria,Marsh (1879),fragilis,https://www.nhm.ac.uk/discover/dino-directory/coelurus.html,46.08118528234141,-117.63373925142815
compsognathus,carnivorous,Late Jurassic,Germany,small theropod,0.65m,Dinosauria Saurischia Theropoda Neotheropoda Tetanurae Avetheropoda Coelurosauria Compsognathidae,Wagner (1859),longipes,https://www.nhm.ac.uk/discover/dino-directory/compsognathus.html,51.605660718254256,7.434481156019075
conchoraptor,carnivorous,Late Cretaceous,Mongolia,small theropod,1.5m,Dinosauria Saurischia Theropoda Neotheropoda Tetanurae Avetheropoda Coelurosauria Tyrannoraptora Maniraptoriformes Maniraptora Oviraptorosauria Caenagnathoidea Oviraptoridae Ingeniinae,Barsbold (1986),gracilis,https://www.nhm.ac.uk/discover/dino-directory/conchoraptor.html,49.08649600682492,98.69640572554516
confuciusornis,carnivorous,Early Cretaceous,China,small theropod,0.25m,Dinosauria Saurischia Theropoda Neotheropoda Tetanurae Avetheropoda Coelurosauria Tyrannoraptora Maniraptoriformes Maniraptora Paraves Eumaniraptoria Avialae Ornithurae Avibrevicauda Pygostylia Confuciusornithidae,Hou Zhou Gu and Zhang (1995),sanctus,https://www.nhm.ac.uk/discover/dino-directory/confuciusornis.html,33.56397741038529,99.74825986310896
corythosaurus,herbivorous,Late Cretaceous,USA,euornithopod,10.0m,Dinosauria Ornithischia Genasauria Cerapoda Ornithopoda Euornithopoda Iguanadontia Euiguanadontia Dryomorpha Ankylopollexia Iguanodontoidea Hadrosauridae Euhadrosauria Lambeosaurinae,Brown (1914),casuarius,https://www.nhm.ac.uk/discover/dino-directory/corythosaurus.html,43.7327862135927,-91.29032576261446
cryolophosaurus,carnivorous,Early Jurassic,Antarctica,large theropod,8.0m,Dinosauria Saurischia Theropoda Neotheropoda Tetanurae Avetheropoda Carnosauria,Hammer and Hickerson (1994),elliotti,https://www.nhm.ac.uk/discover/dino-directory/cryolophosaurus.html,-68.8333,-90.5833
daspletosaurus,carnivorous,Late Cretaceous,Canada,large theropod,9.0m,Dinosauria Saurischia Theropoda Neotheropoda Tetanurae Avetheropoda Coelurosauria Tyrannoraptora Tyrannosauroidea Tyrannosauridae Tyrannosaurinae,Russell (1970),torosus,https://www.nhm.ac.uk/discover/dino-directory/daspletosaurus.html,56.45910373485654,-113.1653852658264
deinocheirus,omnivorous,Late Cretaceous,Mongolia,large theropod,10.0m,Dinosauria Saurischia Theropoda Neotheropoda Tetanurae Avetheropoda Coelurosauria Tyrannoraptora Maniraptoriformes Ornithomimosauria,Osmólska and Roniewicz (1970),mirificus,https://www.nhm.ac.uk/discover/dino-directory/deinocheirus.html,49.08649600682492,98.69640572554516
deinonychus,carnivorous,Early Cretaceous,USA,small theropod,3.0m,Dinosauria Saurischia Theropoda Neotheropoda Tetanurae Avetheropoda Coelurosauria Tyrannoraptora Maniraptoriformes Maniraptora Paraves Eumaniraptora Dromaeosauridae,Ostrom (1969),antirrhopus,https://www.nhm.ac.uk/discover/dino-directory/deinonychus.html,38.52770197894651,-115.51396668160244
dilophosaurus,carnivorous,Early Jurassic,USA,large theropod,6.0m,Dinosauria Saurischia Theropoda Neotheropoda Dilophosauridae,wetherilli,,https://www.nhm.ac.uk/discover/dino-directory/dilophosaurus.html,36.6111957036912,-101.52376612503838
dromaeosaurus,carnivorous,Late Cretaceous,USA,small theropod,1.8m,Dinosauria Saurischia Theropoda Neotheropoda Tetanurae Avetheropoda Coelurosauria Tyrannoraptora Maniraptoriformes Maniraptora Paraves Eumaniraptora Dromaeosauridae,Matthew and Brown (1922),albertensis,https://www.nhm.ac.uk/discover/dino-directory/dromaeosaurus.html,43.7327862135927,-91.29032576261446
dromiceiomimus,omnivorous,Late Cretaceous,Canada,large theropod,3.5m,Dinosauria Saurischia Theropoda Neotheropoda Tetanurae Avetheropoda Coelurosauria Tyrannoraptora Maniraptoriformes Ornithomimosauria Ornithomimidae,Parks (1926),brevitertius,https://www.nhm.ac.uk/discover/dino-directory/dromiceiomimus.html,57.01048122766619,-96.72366948227602
dryosaurus,herbivorous,Late Jurassic,USA,euornithopod,4.0m,Dinosauria Ornithischia Genasauria Cerapoda Ornithopoda Euornithopoda Iguanadontia Euiguanadontia Dryomorpha Dryosauridae,Marsh (1894),altus,https://www.nhm.ac.uk/discover/dino-directory/dryosaurus.html,38.52770197894651,-115.51396668160244
dryptosaurus,carnivorous,Late Cretaceous,USA,large theropod,6.4m,Dinosauria Saurischia Theropoda Neotheropoda Tetanurae Avetheropoda Coelurosauria Tyrannoraptora Tyrannosauroidea,Cope (1866),aquilunguis,https://www.nhm.ac.uk/discover/dino-directory/dryptosaurus.html,36.6111957036912,-101.52376612503838
edmontonia,herbivorous,Late Cretaceous,Canada,armoured dinosaur,4.0m,Dinosauria Ornithischia Genasauria Thyreophora Ankylosauromorpha Ankylosauria Nodosauridae,Sternberg (1928),longiceps,https://www.nhm.ac.uk/discover/dino-directory/edmontonia.html,63.00768024686079,-130.59324600039025
edmontosaurus,herbivorous,Late Cretaceous,Canada,euornithopod,13.0m,Dinosauria Ornithischia Genasauria Cerapoda Ornithopoda Euornithopoda Iguanadontia Euiguanadontia Dryomorpha Ankylopollexia Iguanodontoidea Hadrosauridae Euhadrosauria Hadrosaurinae,Lambe (1917),regalis,https://www.nhm.ac.uk/discover/dino-directory/edmontosaurus.html,56.45910373485654,-113.1653852658264
einiosaurus,herbivorous,Late Cretaceous,USA,ceratopsian,6.0m,Dinosauria Ornithischia Genasauria Cerapoda Marginocephalia Ceratopsia Neoceratopsia Coronosauria Ceratopsidae Centrosaurinae,Sampson  (1995),procurvicornis,https://www.nhm.ac.uk/discover/dino-directory/einiosaurus.html,46.08118528234141,-117.63373925142815
elaphrosaurus,carnivorous,Late Jurassic,Tanzania,large theropod,6.2m,Dinosauria Saurischia Theropoda Neotheropoda Ceratosauria Neoceratosauria,Janensch (1920),bambergi,https://www.nhm.ac.uk/discover/dino-directory/elaphrosaurus.html,-3.89435798651904,33.896566512028215
emausaurus,herbivorous,Mid Jurassic,Germany,armoured dinosaur,2.0m,Dinosauria Ornithischia Genasauria Thyreophora,Haubold (1991),ernsti,https://www.nhm.ac.uk/discover/dino-directory/emausaurus.html,51.605660718254256,7.434481156019075
eoraptor,carnivorous,Late Triassic,Argentina,small theropod,1.0m,Dinosauria Saurischia Theropoda,Sereno Forster Rogers and Monetta (1993),lunensis,https://www.nhm.ac.uk/discover/dino-directory/eoraptor.html,-27.88998284943061,-64.8464172701122
erlikosaurus,omnivorous,Late Cretaceous,Mongolia,small theropod,3.4m,Dinosauria Saurischia Theropoda Neotheropoda Tetanurae Avetheropoda Coelurosauria Tyrannoraptora Maniraptoriformes Maniraptora Therizinosauroidea Therizinosauridae,Perle vide Barsbold and Perle (1980),andrewsi,https://www.nhm.ac.uk/discover/dino-directory/erlikosaurus.html,49.08649600682492,98.69640572554516
euoplocephalus,herbivorous,Late Cretaceous,USA,armoured dinosaur,7.0m,Dinosauria Ornithischia Genasauria Thyreophora Ankylosauromorpha Ankylosauria Ankylosauridae,tutus,,https://www.nhm.ac.uk/discover/dino-directory/euoplocephalus.html,43.7327862135927,-91.29032576261446
gallimimus,omnivorous,Late Cretaceous,Mongolia,large theropod,6.0m,Dinosauria Saurischia Theropoda Neotheropoda Tetanurae Avetheropoda Coelurosauria Tyrannoraptora Maniraptoriformes Ornithomimosauria Ornithomimidae,Osmólska Roniewicz and Barsbold (1972),bullatus,https://www.nhm.ac.uk/discover/dino-directory/gallimimus.html,49.08649600682492,98.69640572554516
gargoyleosaurus,herbivorous,Late Jurassic,USA,armoured dinosaur,4.0m,Dinosauria Ornithischia Genasauria Thyreophora Ankylosauromorpha Ankylosauria,Carpenter Miles and Cloward (1998),parkpinorum,https://www.nhm.ac.uk/discover/dino-directory/gargoyleosaurus.html,38.52770197894651,-115.51396668160244
garudimimus,omnivorous,Late Cretaceous,Mongolia,large theropod,4.7m,Dinosauria Saurischia Theropoda Neotheropoda Tetanurae Avetheropoda Coelurosauria Tyrannoraptora Maniraptoriformes Ornithomimosauria,Barsbold (1981),brevipes,https://www.nhm.ac.uk/discover/dino-directory/garudimimus.html,49.08649600682492,98.69640572554516
gasosaurus,carnivorous,Mid Jurassic,China,small theropod,4.0m,Dinosauria Saurischia Theropoda Neotheropoda Tetanurae Avetheropoda,Dong and Tang (1985),constructus,https://www.nhm.ac.uk/discover/dino-directory/gasosaurus.html,33.56397741038529,99.74825986310896
gasparinisaura,herbivorous,Late Cretaceous,Argentina,euornithopod,0.8m,Dinosauria Ornithischia Genasauria Cerapoda Ornithopoda Euornithopoda,Coria and Salgado (1996),cincosaltensis,https://www.nhm.ac.uk/discover/dino-directory/gasparinisaura.html,-27.88998284943061,-64.8464172701122
gastonia,herbivorous,Early Cretaceous,USA,armoured dinosaur,4.6m,Dinosauria Ornithischia Genasauria Thyreophora Ankylosauromorpha Ankylosauria,Kirkland (1998),burgei,https://www.nhm.ac.uk/discover/dino-directory/gastonia.html,36.6111957036912,-101.52376612503838
giganotosaurus,carnivorous,Early Cretaceous,Argentina,large theropod,12.5m,Dinosauria Saurischia Theropoda Neotheropoda Tetanurae Avetheropoda Carnosauria Allosauroidea Carcharodontosauridae,Coria and Salgado (1995),carolinii,https://www.nhm.ac.uk/discover/dino-directory/giganotosaurus.html,-27.88998284943061,-64.8464172701122
gilmoreosaurus,herbivorous,Late Cretaceous,China,euornithopod,6.0m,Dinosauria Ornithischia Genasauria Cerapoda Ornithopoda Euornithopoda Iguanadontia Euiguanadontia Dryomorpha Ankylopollexia Iguanodontoidea Hadrosauridae,Brett-Surman (1979),mongoliensis,https://www.nhm.ac.uk/discover/dino-directory/gilmoreosaurus.html,39.07922300011976,111.43621012808882
gobisaurus,herbivorous,Early Cretaceous,China,armoured dinosaur,5.0m,Dinosauria Ornithischia Genasauria Thyreophora Ankylosauromorpha Ankylosauria Ankylosauridae,Vickaryous Russell Currie and Zhao (2001),domoculus,https://www.nhm.ac.uk/discover/dino-directory/gobisaurus.html,42.04532706118388,83.91296904405971
gorgosaurus,carnivorous,Late Cretaceous,USA,large theropod,8.6m,Dinosauria Saurischia Theropoda Neotheropoda Tetanurae Avetheropoda Coelurosauria Tyrannoraptora Tyrannosauroidea Tyrannosauridae Albertosaurinae,Lamb (1914),libratus,https://www.nhm.ac.uk/discover/dino-directory/gorgosaurus.html,46.08118528234141,-117.63373925142815
goyocephale,herbivorous,Late Cretaceous,Mongolia,large theropod,2.0m,Dinosauria Ornithischia Genasauria Cerapoda Marginocephalia Pachycephalosauria Goyocephala,Perle Maryańska and Osmólska (1982),lattimorei,https://www.nhm.ac.uk/discover/dino-directory/goyocephale.html,49.08649600682492,98.69640572554516
gryposaurus,herbivorous,Late Cretaceous,USA,euornithopod,10.0m,Dinosauria Ornithischia Genasauria Cerapoda Ornithopoda Euornithopoda Iguanadontia Euiguanadontia Dryomorpha Ankylopollexia Iguanodontoidea Hadrosauridae Euhadrosauria Hadrosaurinae,Lambe (1914),notabilis,https://www.nhm.ac.uk/discover/dino-directory/gryposaurus.html,43.7327862135927,-91.29032576261446
guaibasaurus,herbivorous,Late Triassic,Brazil,small theropod,1.8m,Dinosauria Saurischia Theropoda,Bonaparte Ferigolo and Ribeiro (1999),candelariensis,https://www.nhm.ac.uk/discover/dino-directory/guaibasaurus.html,-10.62173489799737,-52.972484161461225
guanlong,carnivorous,Late Jurassic,China,small theropod,3.0m,Dinosauria Saurischia Theropoda Neotheropoda Tetanurae Avetheropoda Coelurosauria Tyrannoraptora Tyrannosauroidea,Xu Clark Forster Norell Erickson Eberth Jia and Zhao (2006),wucaii,https://www.nhm.ac.uk/discover/dino-directory/guanlong.html,33.56397741038529,99.74825986310896
hadrosaurus,herbivorous,Late Cretaceous,USA,euornithopod,9.0m,Dinosauria Ornithischia Genasauria Cerapoda Ornithopoda Euornithopoda Iguanadontia Euiguanadontia Dryomorpha Ankylopollexia Iguanodontoidea Hadrosauridae Euhadrosauria Hadrosaurinae,Leidy (1858),foulkii,https://www.nhm.ac.uk/discover/dino-directory/hadrosaurus.html,38.52770197894651,-115.51396668160244
harpymimus,omnivorous,Early Cretaceous,Mongolia,small theropod,2.0m,Dinosauria Saurischia Theropoda Neotheropoda Tetanurae Avetheropoda Coelurosauria Tyrannoraptora Maniraptoriformes Ornithomimosauria,Barsbold and Perle (1984),okladnikovi,https://www.nhm.ac.uk/discover/dino-directory/harpymimus.html,49.08649600682492,98.69640572554516
herrerasaurus,carnivorous,Late Triassic,Argentina,small theropod,3.0m,Dinosauria Saurischia Theropoda Herrerasauridae,Reig (1963),ischigualastensis,https://www.nhm.ac.uk/discover/dino-directory/herrerasaurus.html,-27.88998284943061,-64.8464172701122
hesperosaurus,herbivorous,Late Jurassic,USA,armoured dinosaur,6.0m,Dinosauria Ornithischia Genasauria Thyreophora Stegosauria Stegosauridae Stegosaurinae,Carpenter Miles and Cloward (2001),mjosi,https://www.nhm.ac.uk/discover/dino-directory/hesperosaurus.html,46.08118528234141,-117.63373925142815
heterodontosaurus,herbivorous,Early Jurassic,South Africa,euornithopod,1.2m,Dinosauria Ornithischia Genasauria Cerapoda Heterodontosauridae,Crompton and Charig (1962),tucki,https://www.nhm.ac.uk/discover/dino-directory/heterodontosaurus.html,-28.999818718412413,22.022017189023074
heyuannia,omnivorous,Late Cretaceous,Mongolia,small theropod,2.0m,Dinosauria Saurischia Theropoda Neotheropoda Tetanurae Avetheropoda Coelurosauria Tyrannoraptora Maniraptoriformes Maniraptora Oviraptorosauria Caenagnathoidea Oviraptoridae Ingeniinae,Barsbold (1981),yanshini,https://www.nhm.ac.uk/discover/dino-directory/heyuannia.html,49.08649600682492,98.69640572554516
homalocephale,herbivorous,Late Cretaceous,Mongolia,euornithopod,1.5m,Dinosauria Ornithischia Genasauria Cerapoda Marginocephalia Pachycephalosauria Goyocephala Homalocephaloidea,Maryańska and Osmólska (1974),calathocercos,https://www.nhm.ac.uk/discover/dino-directory/homalocephale.html,49.08649600682492,98.69640572554516
huayangosaurus,herbivorous,Mid Jurassic,China,armoured dinosaur,4.5m,Dinosauria Ornithischia Genasauria Thyreophora Stegosauria Huayangosauridae,Dong Tang and Zhou (1982),taibaii,https://www.nhm.ac.uk/discover/dino-directory/huayangosaurus.html,39.07922300011976,111.43621012808882
hypacrosaurus,herbivorous,Late Cretaceous,USA,euornithopod,9.0m,Dinosauria Ornithischia Genasauria Cerapoda Ornithopoda Euornithopoda Iguanadontia Euiguanadontia Dryomorpha Ankylopollexia Iguanodontoidea Hadrosauridae Euhadrosauria Lambeosaurinae,Brown (1913),altispinus,https://www.nhm.ac.uk/discover/dino-directory/hypacrosaurus.html,43.7327862135927,-91.29032576261446
indosuchus,carnivorous,Late Cretaceous,India,large theropod,7.0m,Dinosauria Saurischia Theropoda Neotheropoda Ceratosauria Neoceratosauria,Huene and Matley (1933),raptorius,https://www.nhm.ac.uk/discover/dino-directory/indosuchus.html,28.252602827878903,76.07508430123494
irritator,carnivorous,Early Cretaceous,Brazil,large theropod,6.5m,Dinosauria Saurischia Theropoda Neotheropoda Tetanurae Spinosauroidea Spinosauridae Spinosaurinae,Martill Cruickshank Frey Small and Clarke (1996),challengeri,https://www.nhm.ac.uk/discover/dino-directory/irritator.html,-2.216232481436222,-62.77624550084617
jaxartosaurus,herbivorous,Late Cretaceous,Kazakhstan,euornithopod,9.0m,Dinosauria Ornithischia Genasauria Cerapoda Ornithopoda Euornithopoda Iguanadontia Euiguanadontia Dryomorpha Ankylopollexia Iguanodontoidea Hadrosauridae Euhadrosauria Lambeosaurinae,Riabinin (1939),aralensis,https://www.nhm.ac.uk/discover/dino-directory/jaxartosaurus.html,50.90482567589214,65.72597090767513
juravenator,carnivorous,Late Jurassic,Germany,small theropod,0.8m,Dinosauria Saurischia Theropoda Neotheropoda Tetanurae Avetheropoda Coelurosauria Compsognathidae,Göhlich &amp; Chiappe (2006),starki,https://www.nhm.ac.uk/discover/dino-directory/juravenator.html,51.605660718254256,7.434481156019075
kentrosaurus,herbivorous,Late Jurassic,Tanzania,armoured dinosaur,5.0m,Dinosauria Ornithischia Genasauria Thyreophora Stegosauria Stegosauridae Stegosaurinae,Hennig (1915),aethiopicus,https://www.nhm.ac.uk/discover/dino-directory/kentrosaurus.html,-3.89435798651904,33.896566512028215
khaan,omnivorous,Late Cretaceous,Mongolia,small theropod,1.8m,Dinosauria Saurischia Theropoda Neotheropoda Tetanurae Avetheropoda Coelurosauria Tyrannoraptora Maniraptoriformes Maniraptora Oviraptorosauria Caenagnathoidea Oviraptoridae Ingeniinae,Clark Norell and Barsbold (2001),mckennai,https://www.nhm.ac.uk/discover/dino-directory/khaan.html,49.08649600682492,98.69640572554516
kritosaurus,herbivorous,Late Cretaceous,USA,euornithopod,8.0m,Dinosauria Ornithischia Genasauria Cerapoda Ornithopoda Euornithopoda Iguanadontia Euiguanadontia Dryomorpha Ankylopollexia Iguanodontoidea Hadrosauridae Euhadrosauria Hadrosaurinae,Brown (1910),navajovius,https://www.nhm.ac.uk/discover/dino-directory/kritosaurus.html,38.52770197894651,-115.51396668160244
lambeosaurus,herbivorous,Late Cretaceous,Canada,euornithopod,9.0m,Dinosauria Ornithischia Genasauria Cerapoda Ornithopoda Euornithopoda Iguanadontia Euiguanadontia Dryomorpha Ankylopollexia Iguanodontoidea Hadrosauridae Euhadrosauria Lambeosaurinae,Parks (1923),lambei,https://www.nhm.ac.uk/discover/dino-directory/lambeosaurus.html,57.01048122766619,-96.72366948227602
leaellynasaura,herbivorous,Early Cretaceous,Australia,euornithopod,2.0m,Dinosauria Ornithischia Genasauria Cerapoda Ornithopoda Euornithopoda,Rich and Rich (1989),amicagraphica,https://www.nhm.ac.uk/discover/dino-directory/leaellynasaura.html,-25.0,134.0
leptoceratops,herbivorous,Late Cretaceous,USA,ceratopsian,3.0m,Dinosauria Ornithischia Genasauria Cerapoda Marginocephalia Ceratopsia Neoceratopsia Coronosauria,Brown (1914),gracilis,https://www.nhm.ac.uk/discover/dino-directory/leptoceratops.html,36.6111957036912,-101.52376612503838
liliensternus,carnivorous,Late Triassic,Germany,small theropod,5.0m,Dinosauria Saurischia Theropoda Neotheropoda,Huene (1934),liliensterni,https://www.nhm.ac.uk/discover/dino-directory/liliensternus.html,51.605660718254256,7.434481156019075
lophorhothon,herbivorous,Late Cretaceous,USA,euornithopod,4.5m,Dinosauria Ornithischia Genasauria Cerapoda Ornithopoda Euornithopoda Iguanadontia Euiguanadontia Dryomorpha Ankylopollexia Iguanodontoidea Hadrosauridae Euhadrosauria Hadrosaurinae,Xu Makovicky Wang Norell and You (1960),atopus,https://www.nhm.ac.uk/discover/dino-directory/lophorhothon.html,46.08118528234141,-117.63373925142815
lophostropheus,carnivorous,Early Jurassic,France,large theropod,6.2m,Dinosauria Saurischia,Ezcurra and Cuny 2007 (1993),airelensis,https://www.nhm.ac.uk/discover/dino-directory/lophostropheus.html,48.59770937649319,0.5049487792375089
lycorhinus,herbivorous,Late Triassic,South Africa,euornithopod,1.2m,Dinosauria Ornithischia Genasauria Cerapoda Heterodontosauridae,Haughton (1924),angustidens,https://www.nhm.ac.uk/discover/dino-directory/lycorhinus.html,-28.999818718412413,22.022017189023074
maiasaura,herbivorous,Late Cretaceous,USA,euornithopod,9.0m,Dinosauria Ornithischia Genasauria Cerapoda Ornithopoda Euornithopoda Iguanadontia Euiguanadontia Dryomorpha Ankylopollexia Iguanodontoidea Hadrosauridae Euhadrosauria Hadrosaurinae,Horner and Makela (1979),peeblesorum,https://www.nhm.ac.uk/discover/dino-directory/maiasaura.html,43.7327862135927,-91.29032576261446
majungasaurus,carnivorous,Late Cretaceous,Madagascar,large theropod,6.0m,Dinosauria Saurischia Theropoda Neotheropoda Ceratosauria Neoceratosauria Abelisauridae,Sues &amp; Taquet (1979),atopus,https://www.nhm.ac.uk/discover/dino-directory/majungasaurus.html,-16.79132747083112,44.46700914303091
mapusaurus,carnivorous,Late Cretaceous,Argentina,large theropod,13.0m,Dinosauria Saurischia Theropoda Neotheropoda Tetanurae Avetheropoda Carnosauria Allosauroidea Allosauridae Charcharodontosauridae Giganotosaurinae,Coria and Currie (2006),roseae,https://www.nhm.ac.uk/discover/dino-directory/mapusaurus.html,-27.88998284943061,-64.8464172701122
marshosaurus,carnivorous,Late Jurassic,USA,large theropod,6.0m,Dinosauria Saurischia Theropoda Neotheropoda Tetanurae Avetheropoda,Madsen (1976),bicentesimus,https://www.nhm.ac.uk/discover/dino-directory/marshosaurus.html,38.52770197894651,-115.51396668160244
masiakasaurus,carnivorous,Late Cretaceous,Madagascar,small theropod,2.0m,Dinosauria Saurischia Theropoda Neotheropoda Ceratosauria Neoceratosauria Abelisauroidea Abelisauria,Sampson Carrano &amp; Forster (2001),knopfleri,https://www.nhm.ac.uk/discover/dino-directory/masiakasaurus.html,-16.79132747083112,44.46700914303091
microceratus,herbivorous,Late Cretaceous,Mongolia,ceratopsian,0.5m,Dinosauria Ornithischia Genasauria Cerapoda Marginocephalia Ceratopsia Neoceratopsia Coronosauria,Bohlin (1953),gobiensis,https://www.nhm.ac.uk/discover/dino-directory/microceratus.html,49.08649600682492,98.69640572554516
micropachycephalosaurus,herbivorous,Late Cretaceous,China,ceratopsian,0.6m,Dinosauria Ornithischia Genasauria Cerapoda Marginocephalia Pachycephalosauria,Dong (1978),hongtuyanensis,https://www.nhm.ac.uk/discover/dino-directory/micropachycephalosaurus.html,42.04532706118388,83.91296904405971
microraptor,carnivorous,Early Cretaceous,China,small theropod,0.8m,Dinosauria Saurischia Theropoda Neotheropoda Tetanurae Avetheropoda Coelurosauria Tyrannoraptora Maniraptoriformes Maniraptora Paraves Eumaniraptora Dromaeosauridae,Xu Zhou and Wang (2000),zhaoianus,https://www.nhm.ac.uk/discover/dino-directory/microraptor.html,33.56397741038529,99.74825986310896
minmi,herbivorous,Early Cretaceous,Australia,armoured dinosaur,3.0m,Dinosauria Ornithischia Genasauria Thyreophora Ankylosauromorpha Ankylosauria,Molnar (1980),paravertebra,https://www.nhm.ac.uk/discover/dino-directory/minmi.html,-25.0,134.0
monolophosaurus,carnivorous,Mid Jurassic,China,large theropod,5.7m,Dinosauria Saurischia Theropoda Neotheropoda Tetanurae Avetheropoda Carnosauria,Zhao and Currie (1993),jiangi,https://www.nhm.ac.uk/discover/dino-directory/monolophosaurus.html,39.07922300011976,111.43621012808882
muttaburrasaurus,herbivorous,Early Cretaceous,Australia,euornithopod,7.0m,Dinosauria Ornithischia Genasauria Cerapoda Ornithopoda Euornithopoda Iguanadontia Euiguanadontia Dryomorpha Ankylopollexia Iguanodontoidea,Bartholomai and Molnar (1981),langdoni,https://www.nhm.ac.uk/discover/dino-directory/muttaburrasaurus.html,-25.0,134.0
nanshiungosaurus,omnivorous,Late Cretaceous,China,large theropod,4.4m,Dinosauria Saurischia Theropoda Neotheropoda Tetanurae Avetheropoda Coelurosauria Tyrannoraptora Maniraptoriformes Maniraptora Therizinosauroidea Therizinosauridae,Dong (1979),brevispinus,https://www.nhm.ac.uk/discover/dino-directory/nanshiungosaurus.html,42.04532706118388,83.91296904405971
nedoceratops,herbivorous,Late Cretaceous,USA,ceratopsian,7.0m,Dinosauria Ornithischia Genasauria Cerapoda Marginocephalia Ceratopsia Neoceratopsia Coronosauria Ceratopsidae Chasmosaurinae,Lull (1905),hatcheri,https://www.nhm.ac.uk/discover/dino-directory/nedoceratops.html,36.6111957036912,-101.52376612503838
noasaurus,carnivorous,Late Cretaceous,Argentina,small theropod,1.0m,Dinosauria Saurischia Theropoda Neotheropoda Ceratosauria Neoceratosauria Abelisauroidea Abelisauria,Bonaparte and Powell (1980),leali,https://www.nhm.ac.uk/discover/dino-directory/noasaurus.html,-27.88998284943061,-64.8464172701122
nodosaurus,herbivorous,Early Cretaceous,USA,armoured dinosaur,5.0m,Dinosauria Ornithischia Genasauria Thyreophora Ankylosauromorpha Ankylosauria Nodosauridae,Marsh (1889),textilis,https://www.nhm.ac.uk/discover/dino-directory/nodosaurus.html,46.08118528234141,-117.63373925142815
nomingia,omnivorous,Late Cretaceous,Mongolia,small theropod,1.6m,Dinosauria Saurischia Theropoda Neotheropoda Tetanurae Avetheropoda Coelurosauria Tyrannoraptora Maniraptoriformes Maniraptora Oviraptorosauria Caenagnathoidea Caenagnathidae,Barsbold Osmólska Watabe Currie and Tsogtbaatar (2000),gobiensis,https://www.nhm.ac.uk/discover/dino-directory/nomingia.html,49.08649600682492,98.69640572554516
nothronychus,omnivorous,Late Cretaceous,USA,large theropod,5.3m,Dinosauria Saurischia Theropoda Neotheropoda Tetanurae Avetheropoda Coelurosauria Tyrannoraptora Maniraptoriformes Maniraptora Therizinosauroidea Therizinosauridae,Kirkland and Wolfe (2001),mckinleyi,https://www.nhm.ac.uk/discover/dino-directory/nothronychus.html,43.7327862135927,-91.29032576261446
nqwebasaurus,carnivorous,Mid Jurassic,South Africa,small theropod,1.0m,Dinosauria Saurischia Theropoda Neotheropoda Tetanurae Avetheropoda Coelurosauria,de Klerk Forster Sampson Chinsamy and Ross (2000),thwazi,https://www.nhm.ac.uk/discover/dino-directory/nqwebasaurus.html,-28.999818718412413,22.022017189023074
ornitholestes,carnivorous,Late Jurassic,USA,small theropod,2.0m,Dinosauria Saurischia Theropoda Neotheropoda Tetanurae Avetheropoda Coelurosauria,Osbourne (1933),hermanni,https://www.nhm.ac.uk/discover/dino-directory/ornitholestes.html,38.52770197894651,-115.51396668160244
ornithomimus,omnivorous,Late Cretaceous,USA,large theropod,4.0m,Dinosauria Saurischia Theropoda Neotheropoda Tetanurae Avetheropoda Coelurosauria Tyrannoraptora Maniraptoriformes Ornithomimosauria Ornithomimidae,Marsh (1890),velox,https://www.nhm.ac.uk/discover/dino-directory/ornithomimus.html,36.6111957036912,-101.52376612503838
orodromeus,herbivorous,Late Cretaceous,USA,euornithopod,2.0m,Dinosauria Ornithischia Genasauria Cerapoda Ornithopoda Euornithopoda,Horner and Weishampel (1988),makelai,https://www.nhm.ac.uk/discover/dino-directory/orodromeus.html,46.08118528234141,-117.63373925142815
oryctodromeus,herbivorous,Late Cretaceous,USA,euornithopod,2.1m,Dinosauria Ornithischia,Varricchio Marin and Katsura (2007),cubicularis,https://www.nhm.ac.uk/discover/dino-directory/oryctodromeus.html,43.7327862135927,-91.29032576261446
othnielia,herbivorous,Late Jurassic,USA,euornithopod,1.4m,Dinosauria Ornithischia Genasauria Cerapoda Ornithopoda Euornithopoda,Marsh (1877),rex,https://www.nhm.ac.uk/discover/dino-directory/othnielia.html,38.52770197894651,-115.51396668160244
oviraptor,omnivorous,Late Cretaceous,Mongolia,small theropod,2.0m,Dinosauria Saurischia Theropoda Neotheropoda Tetanurae Avetheropoda Coelurosauria Tyrannoraptora Maniraptoriformes Maniraptora Oviraptorosauria Caenagnathoidea Oviraptoridae Oviraptorinae,Osborn (1924),philoceratops,https://www.nhm.ac.uk/discover/dino-directory/oviraptor.html,49.08649600682492,98.69640572554516
pachycephalosaurus,herbivorous,Late Cretaceous,USA,euornithopod,8.0m,Dinosauria Ornithischia Genasauria Cerapoda Marginocephalia Pachycephalosauria Goyocephala Homalocephaloidea Pachycephalosauridae,Brown and Schlaikjer (1943),wyomingensis,https://www.nhm.ac.uk/discover/dino-directory/pachycephalosaurus.html,36.6111957036912,-101.52376612503838
pachyrhinosaurus,herbivorous,Late Cretaceous,Canada,ceratopsian,6.0m,Dinosauria Ornithischia Genasauria Cerapoda Marginocephalia Ceratopsia Neoceratopsia Coronosauria Ceratopsidae Centrosaurinae,Sternberg (1950),canadensis,https://www.nhm.ac.uk/discover/dino-directory/pachyrhinosaurus.html,63.00768024686079,-130.59324600039025
panoplosaurus,herbivorous,Late Cretaceous,USA,armoured dinosaur,7.0m,Dinosauria Ornithischia Genasauria Thyreophora Ankylosauromorpha Ankylosauria Nodosauridae,Lambe (1919),mirus,https://www.nhm.ac.uk/discover/dino-directory/panoplosaurus.html,46.08118528234141,-117.63373925142815
parasaurolophus,herbivorous,Late Cretaceous,USA,euornithopod,11.0m,Dinosauria Ornithischia Genasauria Cerapoda Ornithopoda Euornithopoda Iguanadontia Euiguanadontia Dryomorpha Ankylopollexia Iguanodontoidea Hadrosauridae Euhadrosauria Lambeosaurinae,Parks (1922),walkeri,https://www.nhm.ac.uk/discover/dino-directory/parasaurolophus.html,43.7327862135927,-91.29032576261446
parksosaurus,herbivorous,Late Cretaceous,Canada,euornithopod,3.0m,Dinosauria Ornithischia Genasauria Cerapoda Ornithopoda Euornithopoda,Sternberg (1937),warrenae,https://www.nhm.ac.uk/discover/dino-directory/parksosaurus.html,56.45910373485654,-113.1653852658264
pelicanimimus,carnivorous,Early Cretaceous,Spain,small theropod,2.0m,Dinosauria Saurischia Theropoda Neotheropoda Tetanurae Avetheropoda Coelurosauria Tyrannoraptora Maniraptoriformes Ornithomimosauria,Pérez-Moreno Sanz Buscalioni Moratalla Ortega and Rasskin-Gutman (1994),polyodon,https://www.nhm.ac.uk/discover/dino-directory/pelicanimimus.html,41.71458204339859,-6.561323365549526
pentaceratops,herbivorous,Late Cretaceous,USA,ceratopsian,6.8m,Dinosauria Ornithischia Genasauria Cerapoda Marginocephalia Ceratopsia Neoceratopsia Coronosauria Ceratopsidae Chasmosaurinae,Osborn (1923),sternbergi,https://www.nhm.ac.uk/discover/dino-directory/pentaceratops.html,38.52770197894651,-115.51396668160244
piatnitzkysaurus,carnivorous,Late Jurassic,Argentina,large theropod,4.2m,Dinosauria Saurischia Theropoda Neotheropoda Tetanurae Spinosauroidea Megalosauridae Eustreptospondylinae,Bonaparte (1979),floresi,https://www.nhm.ac.uk/discover/dino-directory/piatnitzkysaurus.html,-27.88998284943061,-64.8464172701122
pinacosaurus,herbivorous,Late Cretaceous,Mongolia,armoured dinosaur,5.0m,Dinosauria Ornithischia Genasauria Thyreophora Ankylosauromorpha Ankylosauria Ankylosauridae,Gilmore (1933),grangeri,https://www.nhm.ac.uk/discover/dino-directory/pinacosaurus.html,49.08649600682492,98.69640572554516
podokesaurus,carnivorous,Mid Jurassic,USA,small theropod,0.9m,Dinosauria Saurischia Theropoda Neotheropoda Coelophysoidea,Talbot (1911),holyokensis,https://www.nhm.ac.uk/discover/dino-directory/podokesaurus.html,36.6111957036912,-101.52376612503838
poekilopleuron,carnivorous,Mid Jurassic,France,large theropod,9.0m,Dinosauria Saurischia Theropoda Neotheropoda Tetanurae Spinosauroidea Megalosauridae Megalosaurinae,Eudes-Deslongchamps (1838),bucklandii,https://www.nhm.ac.uk/discover/dino-directory/poekilopleuron.html,48.59770937649319,0.5049487792375089
prenocephale,herbivorous,Late Cretaceous,Mongolia,euornithopod,2.4m,Dinosauria Ornithischia Genasauria Cerapoda Marginocephalia Pachycephalosauria Goyocephala Homalocephaloidea Pachycephalosauridae,Maryańska and Osmólska (1974),prenes,https://www.nhm.ac.uk/discover/dino-directory/prenocephale.html,49.08649600682492,98.69640572554516
probactrosaurus,herbivorous,Early Cretaceous,China,euornithopod,6.0m,Dinosauria Ornithischia Genasauria Cerapoda Ornithopoda Euornithopoda Iguanadontia Euiguanadontia Dryomorpha Ankylopollexia Iguanodontoidea,Rozhdestvensky (1966),gobiensis,https://www.nhm.ac.uk/discover/dino-directory/probactrosaurus.html,39.07922300011976,111.43621012808882
procompsognathus,carnivorous,Late Triassic,Germany,small theropod,1.0m,Dinosauria Saurischia Theropoda Neotheropoda Coelophysoidea,Fraas (1913),triassicus,https://www.nhm.ac.uk/discover/dino-directory/procompsognathus.html,51.605660718254256,7.434481156019075
prosaurolophus,herbivorous,Late Cretaceous,USA,euornithopod,7.6m,Dinosauria Ornithischia Genasauria Cerapoda Ornithopoda Euornithopoda Iguanadontia Euiguanadontia Dryomorpha Ankylopollexia Iguanodontoidea Hadrosauridae Euhadrosauria Hadrosaurinae,Brown (1916),maximus,https://www.nhm.ac.uk/discover/dino-directory/prosaurolophus.html,46.08118528234141,-117.63373925142815
protarchaeopteryx,carnivorous,Early Cretaceous,China,small theropod,2.0m,Dinosauria Saurischia Theropoda Neotheropoda Tetanurae Avetheropoda Coelurosauria Tyrannoraptora Maniraptoriformes Maniraptora Paraves Eumaniraptora,Ji and Ji (1997),robusta,https://www.nhm.ac.uk/discover/dino-directory/protarchaeopteryx.html,42.04532706118388,83.91296904405971
protoceratops,herbivorous,Late Cretaceous,Mongolia,ceratopsian,1.8m,Dinosauria Ornithischia Genasauria Cerapoda Marginocephalia Ceratopsia Neoceratopsia Coronosauria,Granger and Gregory (1923),andrewsi,https://www.nhm.ac.uk/discover/dino-directory/protoceratops.html,49.08649600682492,98.69640572554516
protohadros,herbivorous,Late Cretaceous,USA,euornithopod,6.0m,Dinosauria Ornithischia Genasauria Cerapoda Ornithopoda Euornithopoda Iguanadontia Euiguanadontia Dryomorpha Ankylopollexia Iguanodontoidea,Head (1998),byrdi,https://www.nhm.ac.uk/discover/dino-directory/protohadros.html,43.7327862135927,-91.29032576261446
rhabdodon,herbivorous,Late Cretaceous,Spain,euornithopod,4.0m,Dinosauria Ornithischia Genasauria Cerapoda Ornithopoda Euornithopoda Iguanadontia Rhabdodontidae,Matherton (1869),priscus,https://www.nhm.ac.uk/discover/dino-directory/rhabdodon.html,41.71458204339859,-6.561323365549526
rinchenia,omnivorous,Late Cretaceous,Mongolia,small theropod,2.5m,Dinosauria Saurischia Theropoda Neotheropoda Tetanurae Avetheropoda Coelurosauria Tyrannoraptora Maniraptoriformes Maniraptora Oviraptorosauria Caenagnathoidea Oviraptoridae Oviraptorinae,Barsbold (1986),mongoliensis,https://www.nhm.ac.uk/discover/dino-directory/rinchenia.html,49.08649600682492,98.69640572554516
saichania,herbivorous,Late Cretaceous,Mongolia,armoured dinosaur,6.6m,Dinosauria Ornithischia Genasauria Thyreophora Ankylosauromorpha Ankylosauria Ankylosauridae,Maryañska (1977),chulsanensis,https://www.nhm.ac.uk/discover/dino-directory/saichania.html,49.08649600682492,98.69640572554516
saurolophus,herbivorous,Late Cretaceous,Mongolia,euornithopod,9.0m,Dinosauria Ornithischia Genasauria Cerapoda Ornithopoda Euornithopoda Iguanadontia Euiguanadontia Dryomorpha Ankylopollexia Iguanodontoidea Hadrosauridae Euhadrosauria Hadrosaurinae,Brown (1912),osborni,https://www.nhm.ac.uk/discover/dino-directory/saurolophus.html,49.08649600682492,98.69640572554516
sauropelta,herbivorous,Early Cretaceous,USA,armoured dinosaur,6.5m,Dinosauria Ornithischia Genasauria Thyreophora Ankylosauromorpha Ankylosauria Nodosauridae,Ostrom (1970),edwardsorum,https://www.nhm.ac.uk/discover/dino-directory/sauropelta.html,38.52770197894651,-115.51396668160244
saurophaganax,carnivorous,Late Jurassic,USA,large theropod,12.0m,Dinosauria Saurischia Theropoda Neotheropoda Tetanurae Avetheropoda Carnosauria Allosauroidea Allosauridae,Chure (1996),maximus,https://www.nhm.ac.uk/discover/dino-directory/saurophaganax.html,36.6111957036912,-101.52376612503838
saurornithoides,carnivorous,Late Cretaceous,Mongolia,small theropod,3.0m,Dinosauria Saurischia Theropoda Neotheropoda Tetanurae Avetheropoda Coelurosauria Tyrannoraptora Maniraptoriformes Maniraptora Paraves Eumaniraptoria Troodontidae,Osborn (1924),mongoliensis,https://www.nhm.ac.uk/discover/dino-directory/saurornithoides.html,49.08649600682492,98.69640572554516
scutellosaurus,herbivorous,Early Jurassic,USA,armoured dinosaur,1.2m,Dinosauria Ornithischia Genasauria Thyreophora,Colbert (1981),lawleri,https://www.nhm.ac.uk/discover/dino-directory/scutellosaurus.html,46.08118528234141,-117.63373925142815
secernosaurus,herbivorous,Late Cretaceous,Argentina,euornithopod,3.0m,Dinosauria Ornithischia Genasauria Cerapoda Ornithopoda Euornithopoda Iguanadontia Euiguanadontia Dryomorpha Ankylopollexia Iguanodontoidea Hadrosauridae,Brett-Surman (1979),koerneri,https://www.nhm.ac.uk/discover/dino-directory/secernosaurus.html,-27.88998284943061,-64.8464172701122
segisaurus,carnivorous,Mid Jurassic,USA,small theropod,1.5m,Dinosauria Saurischia Theropoda Neotheropoda Coelophysoidea Coelophysidae,Camp (1936),halli,https://www.nhm.ac.uk/discover/dino-directory/segisaurus.html,43.7327862135927,-91.29032576261446
segnosaurus,carnivorous,Late Cretaceous,Mongolia,large theropod,4.0m,Dinosauria Saurischia Theropoda Neotheropoda Tetanurae Avetheropoda Coelurosauria Tyrannoraptora Maniraptoriformes Maniraptora Therizinosauroidea Therizinosauridae,Perle (1979),galbinensis,https://www.nhm.ac.uk/discover/dino-directory/segnosaurus.html,49.08649600682492,98.69640572554516
shanag,carnivorous,Early Cretaceous,Mongolia,small theropod,0.45m,Dinosauria Saurischia,Turner Hwang and Norell (2007),ashile,https://www.nhm.ac.uk/discover/dino-directory/shanag.html,49.08649600682492,98.69640572554516
shantungosaurus,herbivorous,Late Cretaceous,China,euornithopod,15.0m,Dinosauria Ornithischia Genasauria Cerapoda Ornithopoda Euornithopoda Iguanadontia Euiguanadontia Dryomorpha Ankylopollexia Iguanodontoidea Hadrosauridae Euhadrosauria Hadrosaurinae,Hu (1973),giganteus,https://www.nhm.ac.uk/discover/dino-directory/shantungosaurus.html,33.56397741038529,99.74825986310896
shuvuuia,omnivorous,Late Cretaceous,Mongolia,small theropod,0.6m,Dinosauria Saurischia Theropoda Neotheropoda Tetanurae Avetheropoda Coelurosauria Tyrannoraptora Maniraptoriformes Maniraptora Alvarezsauridae,Chiappe Norell and Clark (1998),deserti,https://www.nhm.ac.uk/discover/dino-directory/shuvuuia.html,49.08649600682492,98.69640572554516
silvisaurus,herbivorous,Early Cretaceous,USA,armoured dinosaur,4.0m,Dinosauria Ornithischia Genasauria Thyreophora Ankylosauromorpha Ankylosauria Nodosauridae,Eaton (1960),condrayi,https://www.nhm.ac.uk/discover/dino-directory/silvisaurus.html,38.52770197894651,-115.51396668160244
sinocalliopteryx,carnivorous,Early Cretaceous,China,small theropod,2.37m,Dinosauria Saurischia,Ji Ji Lü and Yuan (2007),gigas,https://www.nhm.ac.uk/discover/dino-directory/sinocalliopteryx.html,42.04532706118388,83.91296904405971
sinornithosaurus,carnivorous,Early Cretaceous,China,small theropod,2.0m,Dinosauria Saurischia Theropoda Neotheropoda Tetanurae Avetheropoda Coelurosauria Tyrannoraptora Maniraptoriformes Maniraptora Paraves Eumaniraptora Dromaeosauridae,Xu Wang and Wu (1999),millenii,https://www.nhm.ac.uk/discover/dino-directory/sinornithosaurus.html,33.56397741038529,99.74825986310896
sinosauropteryx,carnivorous,Early Cretaceous,China,small theropod,1.0m,Dinosauria Saurischia Theropoda Neotheropoda Tetanurae Avetheropoda Coelurosauria Compsognathidae,Ji and Ji (1996),prima,https://www.nhm.ac.uk/discover/dino-directory/sinosauropteryx.html,39.07922300011976,111.43621012808882
sinovenator,carnivorous,Early Cretaceous,China,small theropod,1.0m,Dinosauria Saurischia Theropoda Neotheropoda Tetanurae Avetheropoda Coelurosauria Tyrannoraptora Maniraptoriformes Maniraptora Paraves Eumaniraptoria Troodontidae,Xu Norell Wang Makovicky and Wu (2002),changii,https://www.nhm.ac.uk/discover/dino-directory/sinovenator.html,42.04532706118388,83.91296904405971
sinraptor,carnivorous,Mid Jurassic,China,large theropod,7.6m,Dinosauria Saurischia Theropoda Neotheropoda Tetanurae Avetheropoda Carnosauria Allosauroidea Sinraptoridae,Gao (1992),hepingensis,https://www.nhm.ac.uk/discover/dino-directory/sinraptor.html,33.56397741038529,99.74825986310896
staurikosaurus,carnivorous,Late Triassic,Brazil,large theropod,2.0m,Dinosauria Saurischia Theropoda Herrerasauridae,Colbert (1970),pricei,https://www.nhm.ac.uk/discover/dino-directory/staurikosaurus.html,-2.216232481436222,-62.77624550084617
stegoceras,herbivorous,Late Cretaceous,USA,euornithopod,2.4m,Dinosauria Ornithischia Genasauria Cerapoda Marginocephalia Pachycephalosauria Goyocephala Homalocephaloidea Pachycephalosauridae,Lambe (1902),validum,https://www.nhm.ac.uk/discover/dino-directory/stegoceras.html,36.6111957036912,-101.52376612503838
stegosaurus,herbivorous,Late Jurassic,USA,armoured dinosaur,9.0m,Dinosauria Ornithischia Genasauria Thyreophora Stegosauria Stegosauridae Stegosaurinae,Marsh (1877),armatus,https://www.nhm.ac.uk/discover/dino-directory/stegosaurus.html,46.08118528234141,-117.63373925142815
stenopelix,herbivorous,Early Cretaceous,Germany,ceratopsian,1.5m,Dinosauria Ornithischia Genasauria Cerapoda Marginocephalia Pachycephalosauria,Meyer (1857),valdensis,https://www.nhm.ac.uk/discover/dino-directory/stenopelix.html,51.605660718254256,7.434481156019075
struthiomimus,omnivorous,Late Cretaceous,Canada,small theropod,4.0m,Dinosauria Saurischia Theropoda Neotheropoda Tetanurae Avetheropoda Coelurosauria Tyrannoraptora Maniraptoriformes Ornithomimosauria Ornithomimidae,Osborn (1917),altus,https://www.nhm.ac.uk/discover/dino-directory/struthiomimus.html,57.01048122766619,-96.72366948227602
struthiosaurus,herbivorous,Late Cretaceous,Spain,armoured dinosaur,2.5m,Dinosauria Ornithischia Genasauria Thyreophora Ankylosauromorpha Ankylosauria Nodosauridae,Bunzel (1871),austriacus,https://www.nhm.ac.uk/discover/dino-directory/struthiosaurus.html,41.71458204339859,-6.561323365549526
styracosaurus,herbivorous,Late Cretaceous,USA,ceratopsian,5.5m,Dinosauria Ornithischia Genasauria Cerapoda Marginocephalia Ceratopsia Neoceratopsia Coronosauria Ceratopsidae Centrosaurinae,Lambe (1913),albertensis,https://www.nhm.ac.uk/discover/dino-directory/styracosaurus.html,43.7327862135927,-91.29032576261446
talarurus,herbivorous,Late Cretaceous,Mongolia,armoured dinosaur,6.0m,Dinosauria Ornithischia Genasauria Thyreophora Ankylosauromorpha Ankylosauria Ankylosauridae,Maleev (1952),plicatospineus,https://www.nhm.ac.uk/discover/dino-directory/talarurus.html,49.08649600682492,98.69640572554516
tarbosaurus,carnivorous,Late Cretaceous,Mongolia,large theropod,10.0m,Dinosauria Saurischia Theropoda Neotheropoda Tetanurae Avetheropoda Coelurosauria Tyrannoraptora Tyrannosauroidea Tyrannosauridae Tyrannosaurinae,Maleev (1955),bataar,https://www.nhm.ac.uk/discover/dino-directory/tarbosaurus.html,49.08649600682492,98.69640572554516
tarchia,herbivorous,Late Cretaceous,Mongolia,armoured dinosaur,8.5m,Dinosauria Ornithischia Genasauria Thyreophora Ankylosauromorpha Ankylosauria Ankylosaurinae,Maleev (1956),gigantea,https://www.nhm.ac.uk/discover/dino-directory/tarchia.html,49.08649600682492,98.69640572554516
telmatosaurus,herbivorous,Late Cretaceous,Spain,euornithopod,5.0m,Dinosauria Ornithischia Genasauria Cerapoda Ornithopoda Euornithopoda Iguanadontia Euiguanadontia Dryomorpha Ankylopollexia Iguanodontoidea Hadrosauridae,Nopcsa (1900),transsylvanicus,https://www.nhm.ac.uk/discover/dino-directory/telmatosaurus.html,41.71458204339859,-6.561323365549526
tenontosaurus,herbivorous,Early Cretaceous,USA,euornithopod,7.0m,Dinosauria Ornithischia Genasauria Cerapoda Ornithopoda Euornithopoda Iguanadontia,Ostrom (1970),tillettorum,https://www.nhm.ac.uk/discover/dino-directory/tenontosaurus.html,36.6111957036912,-101.52376612503838
thescelosaurus,herbivorous,Late Cretaceous,USA,euornithopod,3.5m,Dinosauria Ornithischia Genasauria Cerapoda Ornithopoda Euornithopoda,Gilmore (1913),neglectus,https://www.nhm.ac.uk/discover/dino-directory/thescelosaurus.html,46.08118528234141,-117.63373925142815
torosaurus,herbivorous,Late Cretaceous,USA,ceratopsian,7.5m,Dinosauria Ornithischia Genasauria Cerapoda Marginocephalia Ceratopsia Neoceratopsia Coronosauria Ceratopsidae Chasmosaurinae,Marsh (1891),latus,https://www.nhm.ac.uk/discover/dino-directory/torosaurus.html,43.7327862135927,-91.29032576261446
torvosaurus,carnivorous,Late Jurassic,USA,large theropod,10.0m,Dinosauria Saurischia Theropoda Neotheropoda Tetanurae Spinosauroidea Megalosauridae Megalosaurinae,Galton and Jensen (1979),tanneri,https://www.nhm.ac.uk/discover/dino-directory/torvosaurus.html,38.52770197894651,-115.51396668160244
triceratops,herbivorous,Late Cretaceous,USA,ceratopsian,9.0m,Dinosauria Ornithischia Genasauria Cerapoda Marginocephalia Ceratopsia Neoceratopsia Coronosauria Ceratopsidae Chasmosaurinae,Marsh (1889),horridus,https://www.nhm.ac.uk/discover/dino-directory/triceratops.html,36.6111957036912,-101.52376612503838
troodon,carnivorous,Late Cretaceous,USA,small theropod,2.0m,Dinosauria Saurischia Theropoda Neotheropoda Tetanurae Avetheropoda Coelurosauria Tyrannoraptora Maniraptoriformes Maniraptora Paraves Eumaniraptoria Troodontidae,Leidy (1856),formosus,https://www.nhm.ac.uk/discover/dino-directory/troodon.html,46.08118528234141,-117.63373925142815
tsintaosaurus,herbivorous,Late Cretaceous,China,euornithopod,12.0m,Dinosauria Ornithischia Genasauria Cerapoda Ornithopoda Euornithopoda Iguanadontia Euiguanadontia Dryomorpha Ankylopollexia Iguanodontoidea Hadrosauridae Euhadrosauria Lambeosaurinae,Young (1958),spinorhinus,https://www.nhm.ac.uk/discover/dino-directory/tsintaosaurus.html,42.04532706118388,83.91296904405971
tuojiangosaurus,herbivorous,Late Jurassic,China,armoured dinosaur,7.0m,Dinosauria Ornithischia Genasauria Thyreophora Stegosauria Stegosauridae Stegosaurinae,Dong Li Zhou and Zhang (1973),multispinus,https://www.nhm.ac.uk/discover/dino-directory/tuojiangosaurus.html,33.56397741038529,99.74825986310896
tylocephale,herbivorous,Late Cretaceous,Mongolia,euornithopod,1.4m,Dinosauria Ornithischia Genasauria Cerapoda Marginocephalia Pachycephalosauria Goyocephala Homalocephaloidea Pachycephalosauridae,Maryańska and Osmólska (1974),gilmorei,https://www.nhm.ac.uk/discover/dino-directory/tylocephale.html,49.08649600682492,98.69640572554516
tyrannosaurus,carnivorous,Late Cretaceous,USA,large theropod,12.0m,Dinosauria Saurischia Theropoda Neotheropoda Tetanurae Avetheropoda Coelurosauria Tyrannoraptora Tyrannosauroidea Tyrannosauridae Tyrannosaurinae,Osborn (1905),rex,https://www.nhm.ac.uk/discover/dino-directory/tyrannosaurus.html,43.7327862135927,-91.29032576261446
unenlagia,carnivorous,Late Cretaceous,Argentina,small theropod,2.4m,Dinosauria Saurischia Theropoda Neotheropoda Tetanurae Avetheropoda Coelurosauria Tyrannoraptora Maniraptoriformes Maniraptora Paraves Eumaniraptora Dromaeosauridae,Novas and Puerta (1997),comahuensis,https://www.nhm.ac.uk/discover/dino-directory/unenlagia.html,-27.88998284943061,-64.8464172701122
utahraptor,carnivorous,Early Cretaceous,USA,large theropod,6.0m,Dinosauria Saurischia Theropoda Neotheropoda Tetanurae Avetheropoda Coelurosauria Tyrannoraptora Maniraptoriformes Maniraptora Paraves Eumaniraptora Dromaeosauridae,Kirkland Gaston and Burge (1993),ostrommaysorum,https://www.nhm.ac.uk/discover/dino-directory/utahraptor.html,38.52770197894651,-115.51396668160244
velociraptor,carnivorous,Late Cretaceous,Mongolia,small theropod,1.8m,Dinosauria Saurischia Theropoda Neotheropoda Tetanurae Avetheropoda Coelurosauria Tyrannoraptora Maniraptoriformes Maniraptora Paraves Eumaniraptora Dromaeosauridae,Osborn (1924),mongoliensis,https://www.nhm.ac.uk/discover/dino-directory/velociraptor.html,49.08649600682492,98.69640572554516
yandusaurus,herbivorous,Mid Jurassic,China,euornithopod,3.0m,Dinosauria Ornithischia Genasauria Cerapoda Ornithopoda Euornithopoda,He (1979),hongheensis,https://www.nhm.ac.uk/discover/dino-directory/yandusaurus.html,39.07922300011976,111.43621012808882
yangchuanosaurus,carnivorous,Late Jurassic,China,large theropod,10.0m,Dinosauria Saurischia Theropoda Neotheropoda Tetanurae Avetheropoda Carnosauria Allosauroidea Sinraptoridae,Dong Chang Li and Zhou (1978),shangyouensis,https://www.nhm.ac.uk/discover/dino-directory/yangchuanosaurus.html,42.04532706118388,83.91296904405971
yinlong,herbivorous,Mid Jurassic,China,ceratopsian,1.2m,Dinosauria Ornithischia Genasauria Cerapoda Marginocephalia Ceratopsia,Xu Forster Clark and Mo (2006),downsi,https://www.nhm.ac.uk/discover/dino-directory/yinlong.html,39.07922300011976,111.43621012808882
zalmoxes,herbivorous,Late Cretaceous,Romania,euornithopod,3.0m,Dinosauria Ornithischia Genasauria Cerapoda Ornithopoda Euornithopoda Iguanadontia Rhabdodontidae,Nopcsa (1902),robustus,https://www.nhm.ac.uk/discover/dino-directory/zalmoxes.html,47.16124954261977,23.04056837125836
zephyrosaurus,herbivorous,Early Cretaceous,USA,euornithopod,1.8m,Dinosauria Ornithischia Genasauria Cerapoda Ornithopoda Euornithopoda,Sues (1980),schaffi,https://www.nhm.ac.uk/discover/dino-directory/zephyrosaurus.html,36.6111957036912,-101.52376612503838
aardonyx,herbivorous,Early Jurassic,South Africa,sauropod,8.0m,Dinosauria Saurischia Sauropodomorpha Prosauropoda Anchisauria,Yates Bonnan Neveling Chinsamy and Blackbeard 2010 (2009),celestae,https://www.nhm.ac.uk/discover/dino-directory/aardonyx.html,-28.999818718412413,22.022017189023074
amargasaurus,herbivorous,Early Cretaceous,Argentina,sauropod,12.0m,Dinosauria Saurischia Sauropodomorpha Sauropoda Eusauropoda Neosauropoda Diplodocoidea Dicraeosauridae,Salgado and Bonaparte (1991),cazaui,https://www.nhm.ac.uk/discover/dino-directory/amargasaurus.html,-27.88998284943061,-64.8464172701122
ammosaurus,herbivorous,Early Jurassic,USA,sauropod,5.0m,Dinosauria Saurischia Sauropodomorpha Prosauropoda Anchisauria Anchisauridae,Marsh (1891),major,https://www.nhm.ac.uk/discover/dino-directory/ammosaurus.html,38.52770197894651,-115.51396668160244
ampelosaurus,herbivorous,Late Cretaceous,France,sauropod,15.0m,Dinosauria Saurischia Sauropodomorpha Sauropoda Eusauropoda Neosauropoda Macronaria Camarasauromorpha Titanosauriformes Titanosauria Lithostrotia,Le Loeuff (1995),atacis,https://www.nhm.ac.uk/discover/dino-directory/ampelosaurus.html,48.59770937649319,0.5049487792375089
apatosaurus,herbivorous,Late Jurassic,USA,sauropod,21.0m,Dinosauria Saurischia Sauropodomorpha Sauropoda Eusauropoda Neosauropoda Diplodocoidea Diplodocidae,Marsh (1877),ajax,https://www.nhm.ac.uk/discover/dino-directory/apatosaurus.html,43.7327862135927,-91.29032576261446
aragosaurus,herbivorous,Early Cretaceous,Spain,sauropod,18.0m,Dinosauria Saurischia Sauropodomorpha Sauropoda Eusauropoda,Sanz Buscalioni Casanovas and Sanafé (1987),ischiadicus,https://www.nhm.ac.uk/discover/dino-directory/aragosaurus.html,41.71458204339859,-6.561323365549526
austrosaurus,herbivorous,Early Cretaceous,Australia,sauropod,15.0m,Dinosauria Saurischia Sauropodomorpha Sauropoda Eusauropoda Neosauropoda Macronaria Camarasauromorpha Titanosauriformes Titanosauria,Longman (1933),mckillopi,https://www.nhm.ac.uk/discover/dino-directory/austrosaurus.html,-25.0,134.0
barapasaurus,herbivorous,Early Jurassic,India,sauropod,14.0m,Dinosauria Saurischia Sauropodomorpha Sauropoda Eusauropoda Cetiosauridae,Jain Kutty Roy-Chowdhury and Chatterjee (1975),tagorei,https://www.nhm.ac.uk/discover/dino-directory/barapasaurus.html,19.543979178537956,75.60118542252229
barosaurus,herbivorous,Late Jurassic,USA,sauropod,24.0m,Dinosauria Saurischia Sauropodomorpha Sauropoda Eusauropoda Neosauropoda Diplodocoidea Diplodocidae,Marsh (1890),lentus,https://www.nhm.ac.uk/discover/dino-directory/barosaurus.html,46.08118528234141,-117.63373925142815
bellusaurus,herbivorous,Mid Jurassic,China,sauropod,5.0m,Dinosauria Saurischia Sauropodomorpha Sauropoda Eusauropoda Neosauropoda Macronaria,Dong and Azuma (1990),sui,https://www.nhm.ac.uk/discover/dino-directory/bellusaurus.html,39.07922300011976,111.43621012808882
erketu,herbivorous,Early Cretaceous,Mongolia,sauropod,15.0m,Dinosauria Saurischia Sauropodomorpha Sauropoda Eusauropoda Neosauropoda Macronaria Camarasauromorpha Titanosauriformes Titanosauria,Ksepka and Norell (2006),ellisoni,https://www.nhm.ac.uk/discover/dino-directory/erketu.html,49.08649600682492,98.69640572554516
euhelopus,herbivorous,Late Jurassic,China,sauropod,10.0m,Dinosauria Saurischia Sauropodomorpha Sauropoda Eusauropoda,Wiman (1929),zdanskyi,https://www.nhm.ac.uk/discover/dino-directory/euhelopus.html,42.04532706118388,83.91296904405971
europasaurus,herbivorous,Late Jurassic,Germany,sauropod,6.2m,Dinosauria Saurischia Sauropodomorpha Sauropoda Eusauropoda Neosauropoda Macronaria,Sander Mateus Laven and Knötschke (2006),holgeri,https://www.nhm.ac.uk/discover/dino-directory/europasaurus.html,51.605660718254256,7.434481156019075
lufengosaurus,herbivorous,Early Jurassic,China,sauropod,6.0m,Dinosauria Saurischia Sauropodomorpha Prosauropoda Plateosauria Plateosauridae,Young (1941),huenei,https://www.nhm.ac.uk/discover/dino-directory/lufengosaurus.html,33.56397741038529,99.74825986310896
magyarosaurus,herbivorous,Late Cretaceous,Romania,sauropod,5.0m,Dinosauria Saurischia Sauropodomorpha Sauropoda Eusauropoda Neosauropoda Macronaria Camarasauromorpha Titanosauriformes Titanosauria Lithostrotia,Nopcsa (1915),dacus,https://www.nhm.ac.uk/discover/dino-directory/magyarosaurus.html,47.16124954261977,23.04056837125836
maxakalisaurus,herbivorous,Late Cretaceous,Brazil,sauropod,13.0m,Dinosauria Saurischia Sauropodomorpha Sauropoda Eusauropoda Neosauropoda Macronaria Camarasauromorpha Titanosauriformes Titanosauria Lithostrotia Saltasauridae Saltasaurinae,Kellner et al. (2006),topai,https://www.nhm.ac.uk/discover/dino-directory/maxakalisaurus.html,-10.62173489799737,-52.972484161461225
nigersaurus,herbivorous,Early Cretaceous,Tunisia,sauropod,15.0m,Dinosauria Saurischia Sauropodomorpha Sauropoda Eusauropoda Neosauropoda Diplodocoidea Rebbachisauridae,Sereno Beck Dutheil Larsson Lyon Moussa Sadleir Sidor Varricchio Wilson &amp; Wilson (1999),taqueti,https://www.nhm.ac.uk/discover/dino-directory/nigersaurus.html,33.7932,9.5608
plateosaurus,herbivorous,Late Triassic,Switzerland,sauropod,7.0m,Dinosauria Saurischia Sauropodomorpha Prosauropoda Plateosauria Plateosauridae,Meyer (1837),engelhardti,https://www.nhm.ac.uk/discover/dino-directory/plateosaurus.html,46.8132,8.2242